us_chunk_id,us_title,country,match_count,best_score,mean_score
us_constitution_1787_article_1_0000,Constitution of the United States - Article 1,United States of America,24,0.99166516,0.36829961
us_constitution_1787_article_1_0005,Constitution of the United States - Article 1,United States of America,26,0.98843991,0.27953596
us_constitution_1787_article_1_0004,Constitution of the United States - Article 1,United States of America,3,0.98735844,0.62484221
us_constitution_1787_article_1_0001,Constitution of the United States - Article 1,United States of America,22,0.98022893,0.37369152
us_constitution_1787_article_1_0002,Constitution of the United States - Article 1,United States of America,22,0.971507,0.36551165
us_constitution_1787_article_1_0006,Constitution of the United States - Article 1,United States of America,26,0.96920162,0.31873705
us_constitution_1787_article_1_0007,Constitution of the United States - Article 1,United States of America,20,0.96836625,0.26822047
us_constitution_1787_article_1_0003,Constitution of the United States - Article 1,United States of America,15,0.96450034,0.41530195
us_constitution_1787_article_1_0004,Constitution of the United States - Article 1,Philippines,2,0.64673458,0.51786952
us_constitution_1787_article_1_0002,Constitution of the United States - Article 1,Philippines,4,0.57817224,0.36952411
us_constitution_1787_article_1_0003,Constitution of the United States - Article 1,Philippines,4,0.51671675,0.39665863
us_constitution_1787_article_1_0004,Constitution of the United States - Article 1,Belarus,1,0.4740777,0.4740777
us_constitution_1787_article_1_0004,Constitution of the United States - Article 1,Mexico,2,0.45005486,0.42841444
us_constitution_1787_article_1_0004,Constitution of the United States - Article 1,Liberia,1,0.44096025,0.44096025
us_constitution_1787_article_1_0004,Constitution of the United States - Article 1,Thailand,4,0.4230771,0.38444547
us_constitution_1787_article_1_0004,Constitution of the United States - Article 1,Nigeria,6,0.41763031,0.36655133
us_constitution_1787_article_1_0004,Constitution of the United States - Article 1,Nepal,3,0.40691095,0.39154999
us_constitution_1787_article_1_0004,Constitution of the United States - Article 1,Jamaica,2,0.4051321,0.37458413
us_constitution_1787_article_1_0003,Constitution of the United States - Article 1,Trinidad and Tobago,3,0.40170043,0.36325268
us_constitution_1787_article_1_0004,Constitution of the United States - Article 1,Bhutan,1,0.39274443,0.39274443
us_constitution_1787_article_1_0004,Constitution of the United States - Article 1,Micronesia (Federated States of),1,0.38602234,0.38602234
us_constitution_1787_article_1_0004,Constitution of the United States - Article 1,Eswatini,1,0.38285268,0.38285268
us_constitution_1787_article_1_0004,Constitution of the United States - Article 1,Trinidad and Tobago,4,0.3823682,0.37601641
us_constitution_1787_article_1_0004,Constitution of the United States - Article 1,Grenada,2,0.37397902,0.37374011
us_constitution_1787_article_1_0004,Constitution of the United States - Article 1,Malaysia,2,0.36857563,0.35562721
us_constitution_1787_article_1_0004,Constitution of the United States - Article 1,Barbados,2,0.36706386,0.36355229
us_constitution_1787_article_1_0004,Constitution of the United States - Article 1,Japan,1,0.36481266,0.36481266
us_constitution_1787_article_1_0000,Constitution of the United States - Article 1,Australia,4,0.36213534,0.29743149
us_constitution_1787_article_1_0004,Constitution of the United States - Article 1,Antigua and Barbuda,3,0.36196533,0.35834863
us_constitution_1787_article_1_0004,Constitution of the United States - Article 1,Bahamas (The),1,0.36111877,0.36111877
us_constitution_1787_article_1_0003,Constitution of the United States - Article 1,Nigeria,6,0.36078638,0.32980901
us_constitution_1787_article_1_0004,Constitution of the United States - Article 1,Belize,2,0.35908135,0.35427146
us_constitution_1787_article_1_0004,Constitution of the United States - Article 1,Zimbabwe,1,0.35777895,0.35777895
us_constitution_1787_article_1_0004,Constitution of the United States - Article 1,Saint Lucia,2,0.3552467,0.35071641
us_constitution_1787_article_1_0003,Constitution of the United States - Article 1,India,1,0.35491442,0.35491442
us_constitution_1787_article_1_0003,Constitution of the United States - Article 1,Belize,4,0.35405439,0.32667741
us_constitution_1787_article_1_0003,Constitution of the United States - Article 1,Australia,1,0.34880157,0.34880157
us_constitution_1787_article_1_0003,Constitution of the United States - Article 1,Malaysia,4,0.34687415,0.32352096
us_constitution_1787_article_1_0003,Constitution of the United States - Article 1,Ireland,1,0.34656381,0.34656381
us_constitution_1787_article_1_0004,Constitution of the United States - Article 1,Pakistan,1,0.34531073,0.34531073
us_constitution_1787_article_1_0004,Constitution of the United States - Article 1,Colombia,1,0.34227441,0.34227441
us_constitution_1787_article_1_0004,Constitution of the United States - Article 1,United Kingdom,1,0.34046943,0.34046943
us_constitution_1787_article_1_0002,Constitution of the United States - Article 1,Liberia,1,0.33529549,0.33529549
us_constitution_1787_article_1_0003,Constitution of the United States - Article 1,Saint Lucia,1,0.33503192,0.33503192
us_constitution_1787_article_1_0001,Constitution of the United States - Article 1,Australia,7,0.33260153,0.28609694
us_constitution_1787_article_1_0003,Constitution of the United States - Article 1,Thailand,1,0.32679702,0.32679702
us_constitution_1787_article_1_0003,Constitution of the United States - Article 1,Jordan,1,0.32651259,0.32651259
us_constitution_1787_article_1_0003,Constitution of the United States - Article 1,Jamaica,1,0.32543177,0.32543177
us_constitution_1787_article_1_0003,Constitution of the United States - Article 1,Grenada,2,0.3231972,0.31827227
us_constitution_1787_article_1_0002,Constitution of the United States - Article 1,Trinidad and Tobago,2,0.32141679,0.29857538
us_constitution_1787_article_1_0001,Constitution of the United States - Article 1,India,5,0.31723294,0.28120151
us_constitution_1787_article_1_0003,Constitution of the United States - Article 1,Nepal,3,0.3169489,0.31282105
us_constitution_1787_article_1_0003,Constitution of the United States - Article 1,Antigua and Barbuda,1,0.31637981,0.31637981
us_constitution_1787_article_1_0002,Constitution of the United States - Article 1,Micronesia (Federated States of),1,0.31629331,0.31629331
us_constitution_1787_article_1_0005,Constitution of the United States - Article 1,Palau,1,0.31598295,0.31598295
us_constitution_1787_article_1_0003,Constitution of the United States - Article 1,Belgium,1,0.31048443,0.31048443
us_constitution_1787_article_1_0007,Constitution of the United States - Article 1,Australia,3,0.30259012,0.2359376
us_constitution_1787_article_1_0002,Constitution of the United States - Article 1,Antigua and Barbuda,1,0.29772932,0.29772932
us_constitution_1787_article_1_0002,Constitution of the United States - Article 1,South Sudan,1,0.29193601,0.29193601
us_constitution_1787_article_1_0002,Constitution of the United States - Article 1,Australia,3,0.29184172,0.27040148
us_constitution_1787_article_1_0001,Constitution of the United States - Article 1,Cambodia,1,0.29183833,0.29183833
us_constitution_1787_article_1_0000,Constitution of the United States - Article 1,Nepal,1,0.29141709,0.29141709
us_constitution_1787_article_1_0001,Constitution of the United States - Article 1,Bahamas (The),1,0.29103527,0.29103527
us_constitution_1787_article_1_0002,Constitution of the United States - Article 1,Saint Lucia,1,0.28987371,0.28987371
us_constitution_1787_article_1_0001,Constitution of the United States - Article 1,Lesotho,1,0.28618723,0.28618723
us_constitution_1787_article_1_0002,Constitution of the United States - Article 1,Belize,2,0.2847973,0.27290535
us_constitution_1787_article_1_0002,Constitution of the United States - Article 1,Nigeria,2,0.2841353,0.27053993
us_constitution_1787_article_1_0002,Constitution of the United States - Article 1,India,1,0.28402686,0.28402686
us_constitution_1787_article_1_0001,Constitution of the United States - Article 1,Trinidad and Tobago,3,0.28294457,0.27347876
us_constitution_1787_article_1_0002,Constitution of the United States - Article 1,Bahamas (The),1,0.2790398,0.2790398
us_constitution_1787_article_1_0001,Constitution of the United States - Article 1,Antigua and Barbuda,1,0.27822188,0.27822188
us_constitution_1787_article_1_0001,Constitution of the United States - Article 1,Eswatini,1,0.27800003,0.27800003
us_constitution_1787_article_1_0002,Constitution of the United States - Article 1,Spain,1,0.27758405,0.27758405
us_constitution_1787_article_1_0002,Constitution of the United States - Article 1,Dominica,1,0.27669991,0.27669991
us_constitution_1787_article_1_0001,Constitution of the United States - Article 1,Liberia,1,0.27660411,0.27660411
us_constitution_1787_article_1_0001,Constitution of the United States - Article 1,Belize,1,0.27203605,0.27203605
us_constitution_1787_article_1_0000,Constitution of the United States - Article 1,India,5,0.27027764,0.25103107
us_constitution_1787_article_1_0002,Constitution of the United States - Article 1,Italy,1,0.26958492,0.26958492
us_constitution_1787_article_1_0001,Constitution of the United States - Article 1,Barbados,1,0.26927496,0.26927496
us_constitution_1787_article_1_0006,Constitution of the United States - Article 1,South Sudan,1,0.26838656,0.26838656
us_constitution_1787_article_1_0001,Constitution of the United States - Article 1,Philippines,1,0.26809209,0.26809209
us_constitution_1787_article_1_0002,Constitution of the United States - Article 1,Japan,1,0.2680459,0.2680459
us_constitution_1787_article_1_0002,Constitution of the United States - Article 1,France,1,0.26778769,0.26778769
us_constitution_1787_article_1_0000,Constitution of the United States - Article 1,Philippines,4,0.26694089,0.24294838
us_constitution_1787_article_1_0002,Constitution of the United States - Article 1,Lesotho,1,0.26616161,0.26616161
us_constitution_1787_article_1_0002,Constitution of the United States - Article 1,Jamaica,1,0.26012772,0.26012772
us_constitution_1787_article_1_0000,Constitution of the United States - Article 1,Mexico,1,0.2578112,0.2578112
us_constitution_1787_article_1_0005,Constitution of the United States - Article 1,South Sudan,1,0.25742031,0.25742031
us_constitution_1787_article_1_0002,Constitution of the United States - Article 1,Malaysia,1,0.25683309,0.25683309
us_constitution_1787_article_1_0000,Constitution of the United States - Article 1,South Sudan,3,0.25514104,0.23538522
us_constitution_1787_article_1_0000,Constitution of the United States - Article 1,Belize,1,0.25506116,0.25506116
us_constitution_1787_article_1_0001,Constitution of the United States - Article 1,Saint Lucia,1,0.25362415,0.25362415
us_constitution_1787_article_1_0001,Constitution of the United States - Article 1,Grenada,1,0.25274634,0.25274634
us_constitution_1787_article_1_0001,Constitution of the United States - Article 1,Pakistan,1,0.24796006,0.24796006
us_constitution_1787_article_1_0001,Constitution of the United States - Article 1,Malawi,1,0.24584972,0.24584972
us_constitution_1787_article_1_0007,Constitution of the United States - Article 1,Argentina,1,0.24289776,0.24289776
us_constitution_1787_article_1_0000,Constitution of the United States - Article 1,Thailand,2,0.24217531,0.23311136
us_constitution_1787_article_1_0000,Constitution of the United States - Article 1,Nigeria,1,0.23959359,0.23959359
us_constitution_1787_article_1_0007,Constitution of the United States - Article 1,India,3,0.23896347,0.20839722
us_constitution_1787_article_1_0000,Constitution of the United States - Article 1,Trinidad and Tobago,1,0.23842684,0.23842684
us_constitution_1787_article_1_0000,Constitution of the United States - Article 1,Micronesia (Federated States of),2,0.23589972,0.23474317
us_constitution_1787_article_1_0000,Constitution of the United States - Article 1,Brazil,1,0.23467653,0.23467653
us_constitution_1787_article_1_0006,Constitution of the United States - Article 1,Spain,1,0.23175249,0.23175249
us_constitution_1787_article_1_0006,Constitution of the United States - Article 1,Tanzania (United Republic of),1,0.23005657,0.23005657
us_constitution_1787_article_1_0005,Constitution of the United States - Article 1,Micronesia (Federated States of),2,0.22971417,0.19579061
us_constitution_1787_article_1_0006,Constitution of the United States - Article 1,Philippines,1,0.22875035,0.22875035
us_constitution_1787_article_1_0007,Constitution of the United States - Article 1,Spain,1,0.22703547,0.22703547
us_constitution_1787_article_1_0007,Constitution of the United States - Article 1,Micronesia (Federated States of),4,0.22391228,0.21549945
us_constitution_1787_article_1_0006,Constitution of the United States - Article 1,Australia,3,0.22213251,0.20995552
us_constitution_1787_article_1_0007,Constitution of the United States - Article 1,Malaysia,1,0.21736829,0.21736829
us_constitution_1787_article_1_0006,Constitution of the United States - Article 1,Dominican Republic,1,0.21718683,0.21718683
us_constitution_1787_article_1_0005,Constitution of the United States - Article 1,Ethiopia,3,0.21708206,0.18571644
us_constitution_1787_article_1_0007,Constitution of the United States - Article 1,Nigeria,3,0.21563019,0.19847231
us_constitution_1787_article_1_0005,Constitution of the United States - Article 1,Angola,1,0.21379174,0.21379174
us_constitution_1787_article_1_0006,Constitution of the United States - Article 1,India,7,0.21211978,0.20517412
us_constitution_1787_article_1_0006,Constitution of the United States - Article 1,Ethiopia,1,0.21037355,0.21037355
us_constitution_1787_article_1_0006,Constitution of the United States - Article 1,Angola,1,0.20999249,0.20999249
us_constitution_1787_article_1_0006,Constitution of the United States - Article 1,Malaysia,3,0.2043739,0.20181261
us_constitution_1787_article_1_0006,Constitution of the United States - Article 1,Micronesia (Federated States of),2,0.20239744,0.1987738
us_constitution_1787_article_1_0006,Constitution of the United States - Article 1,United Kingdom,1,0.20236505,0.20236505
us_constitution_1787_article_1_0007,Constitution of the United States - Article 1,Chile,1,0.20234045,0.20234045
us_constitution_1787_article_1_0007,Constitution of the United States - Article 1,Libya,1,0.20017154,0.20017154
us_constitution_1787_article_1_0006,Constitution of the United States - Article 1,Nigeria,1,0.19856976,0.19856976
us_constitution_1787_article_1_0007,Constitution of the United States - Article 1,Philippines,1,0.19821483,0.19821483
us_constitution_1787_article_1_0005,Constitution of the United States - Article 1,Australia,3,0.19629627,0.17951212
us_constitution_1787_article_1_0007,Constitution of the United States - Article 1,Ireland,1,0.19465347,0.19465347
us_constitution_1787_article_1_0005,Constitution of the United States - Article 1,India,3,0.19170582,0.1777989
us_constitution_1787_article_1_0005,Constitution of the United States - Article 1,Liberia,1,0.19113741,0.19113741
us_constitution_1787_article_1_0007,Constitution of the United States - Article 1,Antigua and Barbuda,1,0.18952086,0.18952086
us_constitution_1787_article_1_0007,Constitution of the United States - Article 1,Liberia,1,0.18657005,0.18657005
us_constitution_1787_article_1_0007,Constitution of the United States - Article 1,Saint Vincent and the Grenadines,1,0.18503548,0.18503548
us_constitution_1787_article_1_0005,Constitution of the United States - Article 1,Tanzania (United Republic of),1,0.1845298,0.1845298
us_constitution_1787_article_1_0007,Constitution of the United States - Article 1,Peru,2,0.18437308,0.18351779
us_constitution_1787_article_1_0007,Constitution of the United States - Article 1,Mexico,1,0.18429928,0.18429928
us_constitution_1787_article_1_0007,Constitution of the United States - Article 1,Saint Lucia,2,0.18392401,0.18283942
us_constitution_1787_article_1_0005,Constitution of the United States - Article 1,Argentina,2,0.18321304,0.17574512
us_constitution_1787_article_1_0007,Constitution of the United States - Article 1,Brazil,1,0.18280704,0.18280704
us_constitution_1787_article_1_0007,Constitution of the United States - Article 1,Mauritius,1,0.18267133,0.18267133
us_constitution_1787_article_1_0005,Constitution of the United States - Article 1,Chile,1,0.16922884,0.16922884
us_constitution_1787_article_1_0005,Constitution of the United States - Article 1,Somalia,1,0.16587384,0.16587384
us_constitution_1787_article_1_0005,Constitution of the United States - Article 1,Dominican Republic,1,0.16521922,0.16521922
us_constitution_1787_article_1_0005,Constitution of the United States - Article 1,Brazil,2,0.16459239,0.16325024
us_constitution_1787_article_1_0005,Constitution of the United States - Article 1,Malaysia,1,0.16316176,0.16316176
us_constitution_1787_article_i_0000,Constitution of the United States - Article I,United States of America,20,0.98655846,0.44083647
us_constitution_1787_article_i_0001,Constitution of the United States - Article I,United States of America,14,0.9862459,0.49800299
us_constitution_1787_article_i_0002,Constitution of the United States - Article I,United States of America,27,0.98222682,0.41510707
us_constitution_1787_article_i_0004,Constitution of the United States - Article I,United States of America,26,0.93094804,0.33909006
us_constitution_1787_article_i_0005,Constitution of the United States - Article I,United States of America,25,0.89663355,0.3886962
us_constitution_1787_article_i_0007,Constitution of the United States - Article I,United States of America,25,0.86022565,0.19883134
us_constitution_1787_article_i_0003,Constitution of the United States - Article I,United States of America,24,0.84692283,0.36449137
us_constitution_1787_article_i_0006,Constitution of the United States - Article I,United States of America,28,0.72651319,0.40788244
us_constitution_1787_article_i_0001,Constitution of the United States - Article I,Philippines,4,0.48711558,0.42982727
us_constitution_1787_article_i_0001,Constitution of the United States - Article I,India,3,0.44032572,0.40508029
us_constitution_1787_article_i_0001,Constitution of the United States - Article I,Tanzania (United Republic of),4,0.43513421,0.38390444
us_constitution_1787_article_i_0001,Constitution of the United States - Article I,Gambia (The),1,0.42231883,0.42231883
us_constitution_1787_article_i_0001,Constitution of the United States - Article I,Malawi,4,0.40973344,0.39005553
us_constitution_1787_article_i_0001,Constitution of the United States - Article I,Ghana,2,0.40387366,0.39914968
us_constitution_1787_article_i_0001,Constitution of the United States - Article I,Seychelles,3,0.4038315,0.39562261
us_constitution_1787_article_i_0001,Constitution of the United States - Article I,Mauritius,1,0.39842063,0.39842063
us_constitution_1787_article_i_0001,Constitution of the United States - Article I,Sierra Leone,1,0.39680132,0.39680132
us_constitution_1787_article_i_0001,Constitution of the United States - Article I,South Sudan,1,0.39659606,0.39659606
us_constitution_1787_article_i_0001,Constitution of the United States - Article I,Uganda,2,0.39659195,0.39149862
us_constitution_1787_article_i_0001,Constitution of the United States - Article I,Liberia,2,0.38731639,0.37500473
us_constitution_1787_article_i_0000,Constitution of the United States - Article I,India,4,0.38379001,0.32796129
us_constitution_1787_article_i_0001,Constitution of the United States - Article I,Botswana,3,0.38230711,0.36757517
us_constitution_1787_article_i_0005,Constitution of the United States - Article I,Australia,4,0.38099247,0.30652128
us_constitution_1787_article_i_0001,Constitution of the United States - Article I,Zimbabwe,1,0.38007714,0.38007714
us_constitution_1787_article_i_0001,Constitution of the United States - Article I,Nepal,1,0.37364037,0.37364037
us_constitution_1787_article_i_0004,Constitution of the United States - Article I,Argentina,1,0.36761728,0.36761728
us_constitution_1787_article_i_0001,Constitution of the United States - Article I,Colombia,1,0.36293456,0.36293456
us_constitution_1787_article_i_0005,Constitution of the United States - Article I,India,7,0.35898953,0.29418292
us_constitution_1787_article_i_0006,Constitution of the United States - Article I,South Sudan,2,0.35631637,0.31146861
us_constitution_1787_article_i_0001,Constitution of the United States - Article I,Namibia,1,0.35541883,0.35541883
us_constitution_1787_article_i_0000,Constitution of the United States - Article I,Australia,2,0.3550717,0.32123257
us_constitution_1787_article_i_0001,Constitution of the United States - Article I,Brazil,1,0.35478642,0.35478642
us_constitution_1787_article_i_0000,Constitution of the United States - Article I,Philippines,2,0.35391305,0.31837607
us_constitution_1787_article_i_0002,Constitution of the United States - Article I,South Sudan,2,0.35372194,0.30221483
us_constitution_1787_article_i_0005,Constitution of the United States - Article I,South Sudan,2,0.35245957,0.31170635
us_constitution_1787_article_i_0006,Constitution of the United States - Article I,India,8,0.33952988,0.27985513
us_constitution_1787_article_i_0002,Constitution of the United States - Article I,Micronesia (Federated States of),1,0.33724597,0.33724597
us_constitution_1787_article_i_0002,Constitution of the United States - Article I,Tanzania (United Republic of),8,0.33671119,0.27666457
us_constitution_1787_article_i_0005,Constitution of the United States - Article I,Mexico,2,0.33538562,0.31811575
us_constitution_1787_article_i_0003,Constitution of the United States - Article I,Micronesia (Federated States of),4,0.33491035,0.26923511
us_constitution_1787_article_i_0005,Constitution of the United States - Article I,Micronesia (Federated States of),3,0.33202678,0.28788613
us_constitution_1787_article_i_0000,Constitution of the United States - Article I,Sri Lanka,1,0.3276414,0.3276414
us_constitution_1787_article_i_0000,Constitution of the United States - Article I,Israel,1,0.32722801,0.32722801
us_constitution_1787_article_i_0000,Constitution of the United States - Article I,Thailand,2,0.32358321,0.30526614
us_constitution_1787_article_i_0004,Constitution of the United States - Article I,Palau,2,0.3194397,0.30038497
us_constitution_1787_article_i_0000,Constitution of the United States - Article I,Croatia,1,0.31529306,0.31529306
us_constitution_1787_article_i_0004,Constitution of the United States - Article I,Micronesia (Federated States of),4,0.31503966,0.27378213
us_constitution_1787_article_i_0000,Constitution of the United States - Article I,Trinidad and Tobago,3,0.31257634,0.29873104
us_constitution_1787_article_i_0005,Constitution of the United States - Article I,Spain,1,0.31120207,0.31120207
us_constitution_1787_article_i_0003,Constitution of the United States - Article I,Palau,2,0.31103367,0.2871529
us_constitution_1787_article_i_0004,Constitution of the United States - Article I,Australia,2,0.30996587,0.27748742
us_constitution_1787_article_i_0000,Constitution of the United States - Article I,Grenada,1,0.30796166,0.30796166
us_constitution_1787_article_i_0005,Constitution of the United States - Article I,Angola,1,0.30456819,0.30456819
us_constitution_1787_article_i_0005,Constitution of the United States - Article I,Malaysia,2,0.30456585,0.28545816
us_constitution_1787_article_i_0000,Constitution of the United States - Article I,Guyana,1,0.30049311,0.30049311
us_constitution_1787_article_i_0006,Constitution of the United States - Article I,Australia,3,0.29943135,0.27248675
us_constitution_1787_article_i_0006,Constitution of the United States - Article I,Tanzania (United Republic of),2,0.29810611,0.27110554
us_constitution_1787_article_i_0005,Constitution of the United States - Article I,Dominican Republic,1,0.29527625,0.29527625
us_constitution_1787_article_i_0005,Constitution of the United States - Article I,Ethiopia,1,0.29470381,0.29470381
us_constitution_1787_article_i_0000,Constitution of the United States - Article I,Pakistan,1,0.29468557,0.29468557
us_constitution_1787_article_i_0002,Constitution of the United States - Article I,India,3,0.29387834,0.27167292
us_constitution_1787_article_i_0003,Constitution of the United States - Article I,Japan,1,0.29159876,0.29159876
us_constitution_1787_article_i_0000,Constitution of the United States - Article I,Nigeria,2,0.29033058,0.28777256
us_constitution_1787_article_i_0000,Constitution of the United States - Article I,Cambodia,1,0.29003575,0.29003575
us_constitution_1787_article_i_0002,Constitution of the United States - Article I,Philippines,2,0.28992476,0.26875499
us_constitution_1787_article_i_0000,Constitution of the United States - Article I,Greece,1,0.28938204,0.28938204
us_constitution_1787_article_i_0006,Constitution of the United States - Article I,Angola,1,0.2885708,0.2885708
us_constitution_1787_article_i_0000,Constitution of the United States - Article I,Brazil,1,0.28850066,0.28850066
us_constitution_1787_article_i_0000,Constitution of the United States - Article I,Namibia,1,0.28755609,0.28755609
us_constitution_1787_article_i_0000,Constitution of the United States - Article I,Saint Kitts and Nevis,1,0.28546857,0.28546857
us_constitution_1787_article_i_0004,Constitution of the United States - Article I,South Sudan,1,0.28539816,0.28539816
us_constitution_1787_article_i_0000,Constitution of the United States - Article I,Mexico,1,0.28530582,0.28530582
us_constitution_1787_article_i_0000,Constitution of the United States - Article I,Tanzania (United Republic of),2,0.28508067,0.28386009
us_constitution_1787_article_i_0000,Constitution of the United States - Article I,Eswatini,1,0.28204649,0.28204649
us_constitution_1787_article_i_0002,Constitution of the United States - Article I,Angola,1,0.28198015,0.28198015
us_constitution_1787_article_i_0004,Constitution of the United States - Article I,India,3,0.2807876,0.24846523
us_constitution_1787_article_i_0006,Constitution of the United States - Article I,Mexico,1,0.28006998,0.28006998
us_constitution_1787_article_i_0004,Constitution of the United States - Article I,Liberia,2,0.27986443,0.25380328
us_constitution_1787_article_i_0003,Constitution of the United States - Article I,Philippines,1,0.27971355,0.27971355
us_constitution_1787_article_i_0005,Constitution of the United States - Article I,Nigeria,1,0.26776604,0.26776604
us_constitution_1787_article_i_0003,Constitution of the United States - Article I,Tanzania (United Republic of),3,0.26632166,0.24453487
us_constitution_1787_article_i_0003,Constitution of the United States - Article I,India,1,0.2653249,0.2653249
us_constitution_1787_article_i_0006,Constitution of the United States - Article I,Malaysia,1,0.2646355,0.2646355
us_constitution_1787_article_i_0003,Constitution of the United States - Article I,Spain,2,0.26371192,0.25736271
us_constitution_1787_article_i_0006,Constitution of the United States - Article I,Nigeria,1,0.26201674,0.26201674
us_constitution_1787_article_i_0003,Constitution of the United States - Article I,Malta,1,0.26185763,0.26185763
us_constitution_1787_article_i_0004,Constitution of the United States - Article I,Mexico,1,0.25698289,0.25698289
us_constitution_1787_article_i_0004,Constitution of the United States - Article I,Angola,1,0.25534263,0.25534263
us_constitution_1787_article_i_0002,Constitution of the United States - Article I,Dominican Republic,1,0.25412204,0.25412204
us_constitution_1787_article_i_0006,Constitution of the United States - Article I,Spain,1,0.25179592,0.25179592
us_constitution_1787_article_i_0006,Constitution of the United States - Article I,Micronesia (Federated States of),1,0.25033535,0.25033535
us_constitution_1787_article_i_0003,Constitution of the United States - Article I,Marshall Islands,1,0.24900323,0.24900323
us_constitution_1787_article_i_0004,Constitution of the United States - Article I,Spain,1,0.24814762,0.24814762
us_constitution_1787_article_i_0006,Constitution of the United States - Article I,Dominican Republic,1,0.24660139,0.24660139
us_constitution_1787_article_i_0004,Constitution of the United States - Article I,Dominican Republic,1,0.24422106,0.24422106
us_constitution_1787_article_i_0003,Constitution of the United States - Article I,Malawi,2,0.24327371,0.24113939
us_constitution_1787_article_i_0002,Constitution of the United States - Article I,Sierra Leone,1,0.24287435,0.24287435
us_constitution_1787_article_i_0003,Constitution of the United States - Article I,Malaysia,1,0.24205756,0.24205756
us_constitution_1787_article_i_0002,Constitution of the United States - Article I,Malawi,2,0.24113559,0.23796792
us_constitution_1787_article_i_0002,Constitution of the United States - Article I,Israel,1,0.24016381,0.24016381
us_constitution_1787_article_i_0003,Constitution of the United States - Article I,Tonga,1,0.2380269,0.2380269
us_constitution_1787_article_i_0002,Constitution of the United States - Article I,Nigeria,1,0.23702343,0.23702343
us_constitution_1787_article_i_0003,Constitution of the United States - Article I,Ghana,1,0.23638758,0.23638758
us_constitution_1787_article_i_0003,Constitution of the United States - Article I,Gambia (The),1,0.236067,0.236067
us_constitution_1787_article_i_0003,Constitution of the United States - Article I,Mexico,1,0.23431029,0.23431029
us_constitution_1787_article_i_0003,Constitution of the United States - Article I,Nigeria,1,0.23408677,0.23408677
us_constitution_1787_article_i_0003,Constitution of the United States - Article I,Eritrea,1,0.23237096,0.23237096
us_constitution_1787_article_i_0003,Constitution of the United States - Article I,Sierra Leone,1,0.23209503,0.23209503
us_constitution_1787_article_i_0004,Constitution of the United States - Article I,Malaysia,3,0.23166881,0.22976989
us_constitution_1787_article_i_0004,Constitution of the United States - Article I,Colombia,1,0.22951416,0.22951416
us_constitution_1787_article_i_0004,Constitution of the United States - Article I,Tonga,1,0.22785944,0.22785944
us_constitution_1787_article_i_0007,Constitution of the United States - Article I,South Sudan,5,0.18215142,0.12403978
us_constitution_1787_article_i_0007,Constitution of the United States - Article I,Angola,1,0.14379642,0.14379642
us_constitution_1787_article_i_0007,Constitution of the United States - Article I,Australia,3,0.13157552,0.1122354
us_constitution_1787_article_i_0007,Constitution of the United States - Article I,India,2,0.12761855,0.11772286
us_constitution_1787_article_i_0007,Constitution of the United States - Article I,Mexico,1,0.12622304,0.12622304
us_constitution_1787_article_i_0007,Constitution of the United States - Article I,Micronesia (Federated States of),1,0.11862188,0.11862188
us_constitution_1787_article_i_0007,Constitution of the United States - Article I,Malaysia,1,0.11678993,0.11678993
us_constitution_1787_article_i_0007,Constitution of the United States - Article I,Georgia,1,0.11281673,0.11281673
us_constitution_1787_article_i_0007,Constitution of the United States - Article I,Nigeria,1,0.11003429,0.11003429
us_constitution_1787_article_i_0007,Constitution of the United States - Article I,Brazil,1,0.10970002,0.10970002
us_constitution_1787_article_i_0007,Constitution of the United States - Article I,Myanmar,1,0.10908872,0.10908872
us_constitution_1787_article_i_0007,Constitution of the United States - Article I,Somalia,1,0.10792857,0.10792857
us_constitution_1787_article_i_0007,Constitution of the United States - Article I,Dominican Republic,1,0.10694845,0.10694845
us_constitution_1787_article_i_0007,Constitution of the United States - Article I,Ethiopia,2,0.10635081,0.10398938
us_constitution_1787_article_i_0007,Constitution of the United States - Article I,Chile,1,0.10633118,0.10633118
us_constitution_1787_article_i_0007,Constitution of the United States - Article I,Netherlands,2,0.10620587,0.10614594
